.,a,.
.,able,.
.,about,.
.,above,.
.,absent,.
.,ace,.
.,ache,.
.,act,.
.,add,.
.,added,.
.,address,.
.,admit,.
.,adult,.
.,afraid,.
.,after,.
.,afternoon,.
.,again,.
.,against,.
.,age,.
.,ago,.
.,agree,.
.,ah,.
.,ahead,.
.,aid,.
.,aim,.
.,air,.
.,airplane,.
.,airport,.
.,album,.
.,alive,.
.,all,.
.,almost,.
.,along,.
.,alphabet,.
.,also,.
.,always,.
.,am,.
.,America,.
.,American,.
.,among,.
.,an,.
.,and,.
.,angry,.
.,animal,.
.,Ann,.
.,annoy,.
.,another,.
.,answer,.
.,ant,.
.,any,.
.,anybody,.
.,anyone,.
.,anything,.
.,anyway,.
.,anywhere,.
.,ape,.
.,applaud,.
.,apple,.
.,April,.
.,arc,.
.,are,.
.,arm,.
.,around,.
.,arrive,.
.,art,.
.,artist,.
.,as,.
.,ash,.
.,ask,.
.,asked,.
.,asleep,.
.,astronaut,.
.,at,.
.,ate,.
.,attack,.
.,attic,.
.,August,.
.,aunt,.
.,auto,.
.,automobile,.
.,avenue,.
.,avoid,.
.,awake,.
.,away,.
.,awesome,.
.,awful,.
.,awning,.
.,ax,.
.,axe,.
.,baa,.
.,babble,.
.,baby,.
.,baby-sitter,.
.,back,.
.,bad,.
.,baffle,.
.,bag,.
.,bait,.
.,bake,.
.,baked,.
.,bald,.
.,ball,.
.,balloon,.
.,ballplayer,.
.,bam,.
.,ban,.
.,banana,.
.,band,.
.,bang,.
.,banging,.
.,bank,.
.,bar,.
.,bare,.
.,bark,.
.,barn,.
.,base,.
.,baseball,.
.,basin,.
.,basket,.
.,basketball,.
.,bat,.
.,batch,.
.,bath,.
.,bathroom,.
.,bathtub,.
.,battle,.
.,bawl,.
.,bay,.
.,be,.
.,beach,.
.,bead,.
.,beak,.
.,beam,.
.,bean,.
.,beanstalk,.
.,bear,.
.,beast,.
.,beat,.
.,beautiful,.
.,because,.
.,bed,.
.,bedbug,.
.,bedroom,.
.,bedtime,.
.,bee,.
.,beef,.
.,beehive,.
.,been,.
.,beet,.
.,before,.
.,beg,.
.,began,.
.,begging,.
.,begin,.
.,behave,.
.,behind,.
.,being,.
.,bell,.
.,belly,.
.,below,.
.,belt,.
.,Ben,.
.,bench,.
.,bend,.
.,bent,.
.,Bess,.
.,best,.
.,bet,.
.,Beth,.
.,better,.
.,between,.
.,bib,.
.,bicycle,.
.,bid,.
.,big,.
.,bike,.
.,bill,.
.,Bing,.
.,bird,.
.,birth,.
.,birthday,.
.,bit,.
.,bite,.
.,blab,.
.,black,.
.,blackboard,.
.,blade,.
.,blame,.
.,Blanch,.
.,blank,.
.,blanket,.
.,blast,.
.,blasted,.
.,blaze,.
.,bleach,.
.,bled,.
.,bleed,.
.,blend,.
.,blended,.
.,bless,.
.,blew,.
.,blimp,.
.,blind,.
.,blink,.
.,blip,.
.,bliss,.
.,block,.
.,blond,.
.,blood,.
.,bloom,.
.,blot,.
.,blow,.
.,blown,.
.,blue,.
.,bluebird,.
.,blueprint,.
.,bluff,.
.,blunt,.
.,blur,.
.,blurb,.
.,blurt,.
.,blush,.
.,boast,.
.,boat,.
.,bob,.
.,bobsled,.
.,body,.
.,bog,.
.,boil,.
.,bold,.
.,bond,.
.,bone,.
.,bong,.
.,bonnet,.
.,bonus,.
.,boo,.
.,book,.
.,books,.
.,boom,.
.,boost,.
.,boot,.
.,booth,.
.,born,.
.,both,.
.,bottle,.
.,bow,.
.,bowl,.
.,box,.
.,boy,.
.,boys,.
.,brace,.
.,brad,.
.,brag,.
.,braid,.
.,brain,.
.,brainstorm,.
.,brake,.
.,bran,.
.,branch,.
.,brand,.
.,brass,.
.,brat,.
.,brave,.
.,brawl,.
.,brawn,.
.,bread,.
.,break,.
.,breakfast,.
.,breath,.
.,bred,.
.,brick,.
.,bride,.
.,bridge,.
.,brig,.
.,bright,.
.,brim,.
.,bring,.
.,brisk,.
.,broil,.
.,broiler,.
.,broke,.
.,brook,.
.,broom,.
.,broth,.
.,brother,.
.,brown,.
.,brownie,.
.,bruise,.
.,brunt,.
.,brush,.
.,brute,.
.,bubble,.
.,Buck,.
.,bucket,.
.,bud,.
.,buddy,.
.,bug,.
.,built,.
.,bum,.
.,bumblebee,.
.,bump,.
.,bun,.
.,bunch,.
.,bundle,.
.,bunk,.
.,bunny,.
.,bunt,.
.,burn,.
.,burnt,.
.,burst,.
.,Burt,.
.,bus,.
.,buses,.
.,bust,.
.,busy,.
.,but,.
.,butterfly,.
.,button,.
.,buy,.
.,buzz,.
.,by,.
.,bye,.
.,cab,.
.,cabin,.
.,cage,.
.,cake,.
.,call,.
.,called,.
.,came,.
.,camel,.
.,camp,.
.,camping,.
.,can,.
.,candle,.
.,candy,.
.,cane,.
.,can't,.
.,cap,.
.,cape,.
.,car,.
.,card,.
.,cardboard,.
.,care,.
.,careful,.
.,Carmen,.
.,carpet,.
.,carrot,.
.,carry,.
.,cart,.
.,cartoon,.
.,case,.
.,cash,.
.,cask,.
.,Cass,.
.,cast,.
.,cat,.
.,catch,.
.,caterpillar,.
.,catnip,.
.,cattle,.
.,cave,.
.,caw,.
.,ceiling,.
.,cell,.
.,cent,.
.,cereal,.
.,Chad,.
.,chain,.
.,chair,.
.,chalk,.
.,champ,.
.,change,.
.,channel,.
.,charge,.
.,chart,.
.,chase,.
.,chat,.
.,cheap,.
.,check,.
.,cheek,.
.,cheer,.
.,cheerful,.
.,cheese,.
.,chess,.
.,chest,.
.,chew,.
.,chick,.
.,chicken,.
.,child,.
.,children,.
.,chill,.
.,chime,.
.,chin,.
.,chip,.
.,chipmunk,.
.,chirp,.
.,chocolate,.
.,choice,.
.,chomp,.
.,choose,.
.,chop,.
.,chore,.
.,chose,.
.,chow,.
.,Christmas,.
.,Chuck,.
.,chuckle,.
.,chug,.
.,chunk,.
.,church,.
.,churn,.
.,circle,.
.,city,.
.,clack,.
.,clad,.
.,claim,.
.,clam,.
.,clamp,.
.,clan,.
.,clang,.
.,clap,.
.,clapped ,.
.,Clark,.
.,clash,.
.,clasp,.
.,class,.
.,classmate,.
.,classroom,.
.,claw,.
.,clay,.
.,clean,.
.,clerk,.
.,clever,.
.,click,.
.,cliff,.
.,climb,.
.,cling,.
.,clink,.
.,clip,.
.,cloak,.
.,clock,.
.,clod,.
.,close,.
.,closed,.
.,clot,.
.,cloth,.
.,cloud,.
.,clown,.
.,club,.
.,cluck,.
.,clue,.
.,clump,.
.,clung,.
.,clutch,.
.,coach,.
.,coal,.
.,coast,.
.,coat,.
.,coax,.
.,cob,.
.,cod,.
.,code,.
.,cog,.
.,coil,.
.,coin,.
.,cold,.
.,collect,.
.,color,.
.,colorful,.
.,come,.
.,complain,.
.,con,.
.,cone,.
.,contest,.
.,cook,.
.,cookie,.
.,cool,.
.,coop,.
.,cop,.
.,copy,.
.,cord,.
.,core,.
.,cork,.
.,corn,.
.,corner,.
.,cost,.
.,cot,.
.,cough,.
.,could,.
.,count,.
.,country,.
.,course,.
.,cover,.
.,cow,.
.,cowboy,.
.,coy,.
.,cozy,.
.,crab,.
.,crack,.
.,craft,.
.,cram,.
.,cramp,.
.,cranberry,.
.,crane,.
.,crash,.
.,crashing,.
.,crate,.
.,crawl,.
.,crayon,.
.,cream,.
.,crept,.
.,crew,.
.,crib,.
.,crick,.
.,crime,.
.,crinkle,.
.,crisp,.
.,croak,.
.,crock,.
.,crook,.
.,crop,.
.,cross,.
.,crow,.
.,crown,.
.,crude,.
.,cruise,.
.,crumb,.
.,crunch,.
.,crush,.
.,crust,.
.,cry,.
.,cub,.
.,cube,.
.,cuddle,.
.,cue,.
.,cuff,.
.,cup,.
.,cupcake,.
.,curb,.
.,cure,.
.,curl,.
.,Curtis,.
.,curve,.
.,cut,.
.,cute,.
.,dab,.
.,dad,.
.,daddy,.
.,dam,.
.,damp,.
.,Dan,.
.,dance,.
.,danger,.
.,dangle,.
.,Danny,.
.,dare,.
.,dark,.
.,dart,.
.,darts,.
.,dash,.
.,date,.
.,dawn,.
.,day,.
.,daylight,.
.,days,.
.,dead,.
.,deaf,.
.,dealt,.
.,dear,.
.,death,.
.,December,.
.,decent,.
.,deck,.
.,deep,.
.,delight,.
.,den,.
.,dent,.
.,dentist,.
.,desk,.
.,dew,.
.,did,.
.,didn't,.
.,die,.
.,different,.
.,difficult,.
.,dig,.
.,dim,.
.,dime,.
.,dimple,.
.,dine,.
.,dinner,.
.,dinosaur,.
.,dip,.
.,dire,.
.,dirt,.
.,dish,.
.,disk,.
.,disrupt,.
.,disrupted,.
.,ditch,.
.,dive,.
.,diver,.
.,do,.
.,dock,.
.,doctor,.
.,does,.
.,dog,.
.,doghouse,.
.,doll,.
.,dollar,.
.,Don,.
.,done,.
.,don't,.
.,door,.
.,dope,.
.,Doris,.
.,dot,.
.,double,.
.,down,.
.,downstairs,.
.,doze,.
.,draft,.
.,drag,.
.,dragon,.
.,dragonfly,.
.,drain,.
.,drake,.
.,drank,.
.,drape,.
.,draw,.
.,drawn,.
.,dread,.
.,dream,.
.,dress,.
.,drew,.
.,drift,.
.,drill,.
.,drink,.
.,drinking,.
.,drip,.
.,drive,.
.,driveway,.
.,droop,.
.,drop,.
.,dropped ,.
.,drove,.
.,drug,.
.,drugstore,.
.,drum,.
.,dry,.
.,duck,.
.,dud,.
.,dude,.
.,due,.
.,dug,.
.,dump,.
.,dunk,.
.,during,.
.,dusk,.
.,dust,.
.,dusted,.
.,each,.
.,eagle,.
.,ear,.
.,earache,.
.,earth,.
.,easel,.
.,east,.
.,easy,.
.,eat,.
.,Ed,.
.,edge,.
.,eel,.
.,egg,.
.,eight,.
.,elbow,.
.,elephant,.
.,elf,.
.,elk,.
.,Ellen,.
.,elm,.
.,else,.
.,empty,.
.,end,.
.,enjoy,.
.,enough,.
.,era,.
.,erase,.
.,eve,.
.,even,.
.,ever,.
.,evergreen,.
.,every,.
.,everybody,.
.,everyone,.
.,everything,.
.,everywhere,.
.,example,.
.,excited,.
.,expanded ,.
.,explore,.
.,extra,.
.,eye,.
.,eyes,.
.,fabric,.
.,face,.
.,fact,.
.,fad,.
.,fade,.
.,fail,.
.,faint,.
.,faithful,.
.,fall,.
.,fame,.
.,family,.
.,fan,.
.,fang,.
.,far,.
.,farm,.
.,fast,.
.,fat,.
.,father,.
.,fault,.
.,favorite,.
.,fawn,.
.,feast,.
.,February,.
.,fed,.
.,fee,.
.,feed,.
.,feel,.
.,feet,.
.,fell,.
.,fellow,.
.,felt,.
.,fence,.
.,fern,.
.,fetch,.
.,few,.
.,fib,.
.,fiddle,.
.,fifty,.
.,fig,.
.,fight,.
.,file,.
.,fill,.
.,filled,.
.,film,.
.,fin,.
.,find,.
.,fine,.
.,finger,.
.,finish,.
.,finishing,.
.,fir,.
.,fire,.
.,firefighter,.
.,firm,.
.,first,.
.,fish,.
.,fishing,.
.,fist,.
.,fit,.
.,Fitch,.
.,five,.
.,fix,.
.,fizz,.
.,flag,.
.,flagpole,.
.,flake,.
.,flame,.
.,flap,.
.,flash,.
.,flashlight,.
.,flat,.
.,flaunt,.
.,flaw,.
.,fled,.
.,flesh,.
.,flick,.
.,flight,.
.,fling,.
.,flip,.
.,flirt,.
.,flit,.
.,float,.
.,flock,.
.,floor,.
.,flop,.
.,flour,.
.,flow,.
.,flower,.
.,flown,.
.,flu,.
.,fluffy,.
.,flung,.
.,flunk,.
.,flush,.
.,flute,.
.,fly,.
.,foal,.
.,foam,.
.,fog,.
.,foil,.
.,fold,.
.,follow,.
.,fond,.
.,food,.
.,fool,.
.,foot,.
.,football,.
.,for,.
.,forehead,.
.,forest,.
.,forever,.
.,forget,.
.,forgot,.
.,fork,.
.,form,.
.,fort,.
.,forth,.
.,found,.
.,four,.
.,fowl,.
.,fox,.
.,frame,.
.,Fran,.
.,frank,.
.,fraud,.
.,fray,.
.,Fred,.
.,free,.
.,fresh,.
.,fret,.
.,Friday,.
.,fried,.
.,friend,.
.,fright,.
.,frill,.
.,frisk,.
.,frizz,.
.,frog,.
.,from,.
.,front,.
.,frost,.
.,froze,.
.,frozen,.
.,fruit,.
.,fry,.
.,frying,.
.,full,.
.,fume,.
.,fun,.
.,funny,.
.,fur,.
.,furniture,.
.,fuse,.
.,fuss,.
.,gag,.
.,game,.
.,gang,.
.,gap,.
.,garbage,.
.,garden,.
.,gas,.
.,gasp,.
.,gate,.
.,gave,.
.,gaze,.
.,gel,.
.,gem,.
.,general,.
.,gentle,.
.,germ,.
.,Gert,.
.,get,.
.,gift,.
.,giggle,.
.,ginger,.
.,giraffe,.
.,girl,.
.,give,.
.,given,.
.,giving,.
.,glad,.
.,glade,.
.,gland,.
.,glass,.
.,glaze,.
.,gleam,.
.,glean,.
.,glee,.
.,glen,.
.,glide,.
.,glint,.
.,glob,.
.,globe,.
.,gloss,.
.,glow,.
.,glue,.
.,gluestick,.
.,glum,.
.,go,.
.,goal,.
.,goat,.
.,gobble,.
.,goblin,.
.,God,.
.,goes,.
.,going,.
.,gold,.
.,golf,.
.,gone,.
.,good,.
.,good-bye,.
.,goose,.
.,gosh,.
.,got,.
.,gown,.
.,grab,.
.,Grace,.
.,graceful,.
.,grade,.
.,grain,.
.,gram,.
.,gramp,.
.,grand,.
.,granddad,.
.,grandfather,.
.,grandma,.
.,grandmother,.
.,grandpa,.
.,grant,.
.,grape,.
.,grapefruit,.
.,grasp,.
.,grass,.
.,grasshopper,.
.,grate,.
.,grateful,.
.,gray,.
.,great,.
.,green,.
.,greet,.
.,grew,.
.,grill,.
.,grilled,.
.,grim,.
.,grin,.
.,grinned,.
.,grip,.
.,gripe,.
.,grit,.
.,groan,.
.,grocery,.
.,grouch,.
.,group,.
.,grow,.
.,growl,.
.,grown,.
.,grown-up,.
.,growth,.
.,gruff,.
.,grumble,.
.,grump,.
.,grunt,.
.,gulp,.
.,gum,.
.,gumball,.
.,gun,.
.,Gus,.
.,gust,.
.,gut,.
.,guy,.
.,habit,.
.,had,.
.,hail,.
.,hair,.
.,half,.
.,hall,.
.,ham,.
.,hamburger,.
.,hand,.
.,handed,.
.,handle,.
.,handwriting,.
.,hang,.
.,Hank,.
.,happen,.
.,happy,.
.,hard,.
.,harm,.
.,harmful,.
.,harp,.
.,has,.
.,hat,.
.,hatch,.
.,hate,.
.,haul,.
.,haunt,.
.,have,.
.,hawk,.
.,hay,.
.,he,.
.,head,.
.,headache,.
.,heal,.
.,health,.
.,heap,.
.,hear,.
.,heat,.
.,heavy,.
.,heel,.
.,held,.
.,he'll,.
.,hello,.
.,help,.
.,helped,.
.,helpful,.
.,hem,.
.,hen,.
.,her,.
.,Herb,.
.,here,.
.,herself,.
.,he's,.
.,hi,.
.,hid,.
.,hidden,.
.,hide,.
.,hide-and-seek,.
.,high,.
.,highway,.
.,hike,.
.,hill,.
.,him,.
.,himself,.
.,hint,.
.,hip,.
.,hire,.
.,his,.
.,hit,.
.,ho,.
.,hoe,.
.,hog,.
.,hoist,.
.,hold,.
.,hole,.
.,home,.
.,homemade,.
.,homework,.
.,honk,.
.,hood,.
.,hoof,.
.,hook,.
.,hoop,.
.,hoot,.
.,hop,.
.,hope,.
.,hopeful,.
.,hopscotch,.
.,horn,.
.,horse,.
.,hose,.
.,hospital,.
.,host,.
.,hot,.
.,hotrod,.
.,hour,.
.,house,.
.,houseboat,.
.,housefly,.
.,how,.
.,however,.
.,howl,.
.,huddle,.
.,huff,.
.,hug,.
.,huge,.
.,hugged,.
.,hum,.
.,human,.
.,humid,.
.,hummingbird,.
.,hump,.
.,hung,.
.,hungry,.
.,hunk,.
.,hunt,.
.,hunted,.
.,hurdle,.
.,hurl,.
.,hurry,.
.,hurt,.
.,hush,.
.,husk,.
.,hut,.
.,I,.
.,ice,.
.,ice cream,.
.,icy,.
.,I'd,.
.,idea,.
.,if,.
.,ill,.
.,I'll,.
.,I'm,.
.,imp,.
.,important,.
.,in,.
.,inch,.
.,index,.
.,Indian,.
.,indoors,.
.,ink,.
.,inn,.
.,insect,.
.,inside,.
.,insisted,.
.,insisting,.
.,instead,.
.,insulted,.
.,intern,.
.,into,.
.,invent,.
.,invented,.
.,is,.
.,it,.
.,itch,.
.,its,.
.,it's,.
.,I've,.
.,ivy,.
.,jab,.
.,Jack,.
.,jail,.
.,Jake,.
.,jam,.
.,Jan,.
.,Jane,.
.,January,.
.,jar,.
.,jaw,.
.,Jay,.
.,jazz,.
.,Jean,.
.,jeep,.
.,Jeff,.
.,jelly,.
.,jellyfish,.
.,Jen,.
.,jerk,.
.,jet,.
.,jib,.
.,jig,.
.,jiggle,.
.,Jill,.
.,Jill's,.
.,Jim,.
.,Jimmy,.
.,jingle,.
.,Jo,.
.,Joan,.
.,job,.
.,jog,.
.,jogged,.
.,join,.
.,joint,.
.,joke,.
.,Josh,.
.,joy,.
.,jug,.
.,juggle,.
.,juice,.
.,July,.
.,jumble,.
.,jump,.
.,jumped ,.
.,jumping,.
.,June,.
.,jungle,.
.,junk,.
.,just,.
.,jut,.
.,keep,.
.,Ken,.
.,kept,.
.,key,.
.,kick,.
.,kickball,.
.,kicked ,.
.,kid,.
.,kill,.
.,Kim,.
.,kin,.
.,kind,.
.,kindergarten,.
.,king,.
.,kingfish,.
.,Kirk,.
.,kiss,.
.,kit,.
.,kitchen,.
.,kite,.
.,kits,.
.,kitten,.
.,kitty,.
.,knack,.
.,knee,.
.,kneecap,.
.,kneel,.
.,knelt,.
.,knew,.
.,knife,.
.,knight,.
.,knit,.
.,knob,.
.,knock,.
.,knockout,.
.,knot,.
.,knothole,.
.,know,.
.,known,.
.,lace,.
.,lack,.
.,lad,.
.,lady,.
.,lag,.
.,laid,.
.,lake,.
.,lamb,.
.,lame,.
.,lamp,.
.,land,.
.,landed,.
.,lane,.
.,lap,.
.,lapdog,.
.,larch,.
.,large,.
.,last,.
.,lasted,.
.,latch,.
.,late,.
.,later,.
.,laugh,.
.,launch,.
.,law,.
.,lawn,.
.,lay,.
.,lazy,.
.,leaf,.
.,leak,.
.,leap,.
.,learn,.
.,leather,.
.,leave,.
.,led,.
.,Lee,.
.,left,.
.,leg,.
.,lemon,.
.,lend,.
.,lending,.
.,lent,.
.,less,.
.,let,.
.,letter,.
.,liar,.
.,library,.
.,lick,.
.,lid,.
.,lie,.
.,lien,.
.,life,.
.,lift,.
.,light,.
.,lighthouse,.
.,like,.
.,lime,.
.,limit,.
.,limp,.
.,line,.
.,lined,.
.,link,.
.,lint,.
.,lion,.
.,lip,.
.,lipstick,.
.,list,.
.,listen,.
.,lit,.
.,little,.
.,live,.
.,lived,.
.,lives,.
.,living,.
.,load,.
.,loaf,.
.,loan,.
.,lock,.
.,loft,.
.,log,.
.,loin,.
.,lollipop,.
.,lone,.
.,long,.
.,look,.
.,looked ,.
.,loop,.
.,loose,.
.,loot,.
.,lop,.
.,lord,.
.,lose,.
.,lost,.
.,lot,.
.,loud,.
.,love,.
.,low,.
.,luck,.
.,lug,.
.,lullaby,.
.,lump,.
.,lunch,.
.,lunchbox,.
.,lung,.
.,lurk,.
.,lute,.
.,Ma,.
.,Mabel,.
.,Mack,.
.,mad,.
.,made,.
.,maid,.
.,mail,.
.,main,.
.,make,.
.,mall,.
.,mama,.
.,man,.
.,mane,.
.,many,.
.,map,.
.,march,.
.,mark,.
.,market,.
.,mascot,.
.,mash,.
.,mask,.
.,mass,.
.,mast,.
.,mat,.
.,match,.
.,mate,.
.,math,.
.,Matt,.
.,may,.
.,maybe,.
.,maze,.
.,me,.
.,meal,.
.,mean,.
.,meant,.
.,meat,.
.,medicine,.
.,meet,.
.,melt,.
.,melted,.
.,men,.
.,mend,.
.,meow,.
.,mess,.
.,met,.
.,mice,.
.,Mick,.
.,mid,.
.,middle,.
.,might,.
.,Mike,.
.,mild,.
.,mile,.
.,milk,.
.,milkshake,.
.,mill,.
.,mind,.
.,mine,.
.,mint,.
.,minute,.
.,mirror,.
.,mirth,.
.,miss,.
.,missed ,.
.,mist,.
.,Mitch,.
.,mite,.
.,mitt,.
.,mitten,.
.,mitten,.
.,mix,.
.,moan,.
.,mob,.
.,mock,.
.,model,.
.,moist,.
.,mold,.
.,mole,.
.,mom,.
.,moment,.
.,Monday,.
.,money,.
.,monkey,.
.,monster,.
.,moo,.
.,mood,.
.,moon,.
.,mop,.
.,mope,.
.,more,.
.,morning,.
.,most,.
.,motel,.
.,mother,.
.,mountain,.
.,mouse,.
.,mouth,.
.,move,.
.,movie,.
.,mow,.
.,Mr.,.
.,Mrs.,.
.,much,.
.,mud,.
.,mug,.
.,mule,.
.,mum,.
.,munch,.
.,murk,.
.,mush,.
.,music,.
.,musk,.
.,must,.
.,mute,.
.,muzzle,.
.,my,.
.,myself,.
.,nab,.
.,nag,.
.,nail,.
.,name,.
.,named,.
.,nanny,.
.,nap,.
.,napkin,.
.,napper,.
.,nasty,.
.,Nat,.
.,Nate,.
.,naughty,.
.,near,.
.,neat,.
.,neck,.
.,necktie,.
.,Ned,.
.,need,.
.,nerve,.
.,nest,.
.,net,.
.,never,.
.,new,.
.,newscast,.
.,newspaper,.
.,next,.
.,nibble,.
.,nice,.
.,Nick,.
.,nickel,.
.,nickname,.
.,night,.
.,nightmare,.
.,nighttime,.
.,nine,.
.,nip,.
.,nips,.
.,nit,.
.,no,.
.,nobody,.
.,nod,.
.,noise,.
.,none,.
.,nook,.
.,noon,.
.,Norm,.
.,north,.
.,nose,.
.,not,.
.,note,.
.,nothing,.
.,November,.
.,now,.
.,nowhere,.
.,number,.
.,nurse,.
.,nut,.
.,O.K,.
.,oak,.
.,oar,.
.,oat,.
.,oatmeal,.
.,obey,.
.,object,.
.,October,.
.,odd,.
.,of,.
.,off,.
.,often,.
.,Oh,.
.,oil,.
.,oink,.
.,okay,.
.,old,.
.,on,.
.,once,.
.,one,.
.,only,.
.,onto,.
.,ooze,.
.,open,.
.,or,.
.,orange,.
.,order,.
.,other,.
.,ouch,.
.,our,.
.,out,.
.,outdoors,.
.,outside,.
.,oven,.
.,over,.
.,owe,.
.,owl,.
.,own,.
.,owner,.
.,ox,.
.,Pa,.
.,pace,.
.,pack,.
.,pad,.
.,paddle,.
.,page,.
.,paid,.
.,pail,.
.,pain,.
.,painful,.
.,paint,.
.,pajamas,.
.,pal,.
.,Pam,.
.,pan,.
.,pancake,.
.,pane,.
.,pant,.
.,papa,.
.,paper,.
.,paperback,.
.,parent,.
.,park,.
.,part,.
.,party,.
.,pass,.
.,past,.
.,pat,.
.,patch,.
.,path,.
.,pause,.
.,paw,.
.,pawn,.
.,pay,.
.,pea,.
.,peace,.
.,peaceful,.
.,peach,.
.,peak,.
.,peck,.
.,peddle,.
.,peek,.
.,peel,.
.,peep,.
.,peg,.
.,pelt,.
.,pen,.
.,pencil,.
.,pennies,.
.,penny,.
.,people,.
.,pep,.
.,perch,.
.,perfect,.
.,perk,.
.,person,.
.,pest,.
.,pet,.
.,Pete,.
.,phone,.
.,photograph,.
.,piano,.
.,pick,.
.,picnic,.
.,picture,.
.,pie,.
.,piece,.
.,pig,.
.,pigpen,.
.,pike,.
.,pile,.
.,pill,.
.,pillow,.
.,pilot,.
.,pin,.
.,pinball,.
.,pinch,.
.,pine,.
.,ping,.
.,pink,.
.,Pip,.
.,pipe,.
.,pit,.
.,pitch,.
.,pitched ,.
.,pizza,.
.,place,.
.,plain,.
.,plan,.
.,plane,.
.,plank,.
.,planned,.
.,plant,.
.,planted,.
.,plants,.
.,plastic,.
.,plate,.
.,play,.
.,player,.
.,please,.
.,plod,.
.,plop,.
.,plot,.
.,plow,.
.,ploy,.
.,plug,.
.,plum,.
.,plump,.
.,plums,.
.,plus,.
.,pocket,.
.,pod,.
.,point,.
.,poison,.
.,poke,.
.,pole,.
.,pomp,.
.,pond,.
.,pong,.
.,pony,.
.,pooch,.
.,poodle,.
.,pool,.
.,pop,.
.,popcorn,.
.,pope,.
.,porch,.
.,pork,.
.,port,.
.,possible,.
.,post,.
.,post office,.
.,poster,.
.,pot,.
.,potato,.
.,potato chip,.
.,potpie,.
.,pour,.
.,prance,.
.,prank,.
.,pray,.
.,prayer,.
.,present,.
.,president,.
.,press,.
.,pretend,.
.,pretty,.
.,pretzel,.
.,price,.
.,pride,.
.,prim,.
.,prime,.
.,prince,.
.,print,.
.,printed,.
.,prize,.
.,probe,.
.,problem,.
.,prod,.
.,program,.
.,promise,.
.,proof,.
.,prop,.
.,proud,.
.,prowl,.
.,pry,.
.,public,.
.,publishing,.
.,puff,.
.,pull,.
.,pumpkin,.
.,punishing,.
.,punk,.
.,punt,.
.,pup,.
.,pupil,.
.,puppet,.
.,puppy,.
.,pure,.
.,purple,.
.,purse,.
.,push,.
.,put,.
.,puzzle,.
.,quack,.
.,quake,.
.,quarter,.
.,queen,.
.,question,.
.,quick,.
.,quicksand,.
.,quiet,.
.,quill,.
.,quilt,.
.,Quinn,.
.,quit,.
.,rabbit,.
.,race,.
.,rack,.
.,raft,.
.,rag,.
.,rage,.
.,raid,.
.,rail,.
.,railroad,.
.,rain,.
.,rainbow,.
.,rake,.
.,ram,.
.,ran,.
.,ranch,.
.,rang,.
.,rant,.
.,rap,.
.,rash,.
.,rat,.
.,rather,.
.,rattle,.
.,raw,.
.,ray,.
.,reach,.
.,read,.
.,ready,.
.,real,.
.,really,.
.,recycle,.
.,red,.
.,refrigerator,.
.,refund,.
.,remember,.
.,renew,.
.,rent,.
.,rented,.
.,rest,.
.,rested,.
.,restful,.
.,restroom,.
.,return,.
.,reward,.
.,Rex,.
.,rib,.
.,ribbon,.
.,rice,.
.,rich,.
.,Rick,.
.,rid,.
.,riddle,.
.,ride,.
.,rig,.
.,right,.
.,rim,.
.,rind,.
.,ring,.
.,ringing,.
.,rink,.
.,rip,.
.,ripe,.
.,rise,.
.,risk,.
.,river,.
.,Rivera,.
.,road,.
.,roam,.
.,roast,.
.,rob,.
.,robe,.
.,robin,.
.,robot,.
.,rock,.
.,rocket,.
.,rod,.
.,rode,.
.,roll,.
.,Rome,.
.,romp,.
.,Ron,.
.,roof,.
.,room,.
.,roost,.
.,rope,.
.,rose,.
.,rot,.
.,round,.
.,row,.
.,Roy,.
.,royal,.
.,rub,.
.,rude,.
.,ruff,.
.,rug,.
.,rule,.
.,ruled,.
.,rumble,.
.,run,.
.,rung,.
.,Runs,.
.,runt,.
.,runway,.
.,rush,.
.,rushed,.
.,rust,.
.,rut,.
.,sack,.
.,sad,.
.,saddle,.
.,safe,.
.,sag,.
.,said,.
.,sail,.
.,sailboat,.
.,sake,.
.,salad,.
.,sale,.
.,salt,.
.,Sam,.
.,same,.
.,sample,.
.,Sanchez,.
.,sand,.
.,sandbox,.
.,sandpaper,.
.,sandwich,.
.,sandy,.
.,sang,.
.,sank,.
.,sap,.
.,sash,.
.,sat,.
.,Saturday,.
.,sauce,.
.,saucer,.
.,save,.
.,saved,.
.,saw,.
.,say,.
.,says,.
.,scab,.
.,scald,.
.,scale,.
.,scalp,.
.,scan,.
.,scar,.
.,scare,.
.,scarf,.
.,scat,.
.,school,.
.,scissors,.
.,scold,.
.,scoop,.
.,scoot,.
.,scope,.
.,scorch,.
.,score,.
.,scout,.
.,scowl,.
.,scram,.
.,scrap,.
.,scrape,.
.,scratch,.
.,scream,.
.,screen,.
.,screw,.
.,script,.
.,scrub,.
.,scuff,.
.,scum,.
.,sea,.
.,seal,.
.,search,.
.,seat,.
.,second,.
.,secret,.
.,see,.
.,seek,.
.,seem,.
.,seen,.
.,seesaw,.
.,self,.
.,sell,.
.,send,.
.,sent,.
.,sentence,.
.,September,.
.,serve,.
.,served,.
.,set,.
.,Seth,.
.,settle,.
.,seven,.
.,sew,.
.,shack,.
.,shade,.
.,shadow,.
.,shake,.
.,shaking,.
.,shall,.
.,shameful,.
.,shampoo,.
.,shape,.
.,share,.
.,shark,.
.,sharp,.
.,shawl,.
.,she,.
.,shed,.
.,sheep,.
.,sheet,.
.,shelf,.
.,shell,.
.,she'll,.
.,she's,.
.,shifted,.
.,shine,.
.,ship,.
.,shipwreck,.
.,shirk,.
.,shirt,.
.,shoe,.
.,shook,.
.,shoot,.
.,shop,.
.,shore,.
.,short,.
.,shot,.
.,should,.
.,shoulder,.
.,shout,.
.,shovel,.
.,show,.
.,showed,.
.,shower,.
.,shown,.
.,shrimp,.
.,shrink,.
.,shrinking,.
.,shrub,.
.,shrug,.
.,shrunk,.
.,shut,.
.,shy,.
.,sick,.
.,Sid,.
.,side,.
.,sidewalk,.
.,sift,.
.,sigh,.
.,sight,.
.,silence,.
.,silent,.
.,silk,.
.,silly,.
.,simple,.
.,sin,.
.,since,.
.,sing,.
.,sink,.
.,sinking,.
.,sip,.
.,sips,.
.,sir,.
.,siren,.
.,sis,.
.,sister,.
.,sit,.
.,site,.
.,sits,.
.,six,.
.,sixth,.
.,size,.
.,skate,.
.,ski,.
.,skid,.
.,skill,.
.,skim,.
.,skin,.
.,skip,.
.,skips,.
.,skirt,.
.,skit,.
.,skull,.
.,skunk,.
.,sky,.
.,slam,.
.,slammed,.
.,slang,.
.,slant,.
.,slap,.
.,slash,.
.,slat,.
.,slate,.
.,slave,.
.,slaw,.
.,slay,.
.,sled,.
.,sleep,.
.,slept,.
.,slice,.
.,slick,.
.,slid,.
.,slide,.
.,slight,.
.,slim,.
.,sling,.
.,slip,.
.,slit,.
.,Sloan,.
.,slob,.
.,slop,.
.,slope,.
.,slot,.
.,slow,.
.,slug,.
.,slum,.
.,slump,.
.,slur,.
.,sly,.
.,smack,.
.,small,.
.,smart,.
.,smash,.
.,smear,.
.,smell,.
.,smelled,.
.,smile,.
.,smiled,.
.,smiling,.
.,smith,.
.,smock,.
.,smog,.
.,smoke,.
.,smoky,.
.,smooth,.
.,smug,.
.,snack,.
.,snag,.
.,snail,.
.,snake,.
.,snap,.
.,snare,.
.,snatch,.
.,sneak,.
.,sneeze,.
.,sniff,.
.,snip,.
.,snipe,.
.,snob,.
.,snoop,.
.,snooze,.
.,snore,.
.,snort,.
.,snow,.
.,snowball,.
.,snowflake,.
.,snowman,.
.,snub,.
.,snuff,.
.,snug,.
.,snuggle,.
.,so,.
.,soak,.
.,soap,.
.,sob,.
.,sock,.
.,sod,.
.,soda,.
.,sofa,.
.,soft,.
.,softball,.
.,soil,.
.,some,.
.,someone,.
.,something,.
.,sometimes,.
.,somewhere,.
.,son,.
.,song,.
.,soon,.
.,soot,.
.,sore,.
.,sorry,.
.,sort,.
.,sound,.
.,soup,.
.,sour,.
.,south,.
.,sow,.
.,soy,.
.,spa,.
.,space,.
.,spaceship,.
.,spaghetti,.
.,span,.
.,spank,.
.,spark,.
.,sparkle,.
.,spat,.
.,speak,.
.,speck,.
.,sped,.
.,speech,.
.,speed,.
.,spell,.
.,spelled,.
.,spend,.
.,spent,.
.,spider,.
.,spike,.
.,spill,.
.,spilled,.
.,spin,.
.,spine,.
.,spit,.
.,spite,.
.,splash,.
.,splashing,.
.,splat,.
.,splendid,.
.,splint,.
.,split,.
.,splotch,.
.,spoil,.
.,spoke,.
.,sponge,.
.,spool,.
.,spoon,.
.,sport,.
.,spot,.
.,sprain,.
.,sprawl,.
.,spray,.
.,spread,.
.,spring,.
.,sprinkle,.
.,sprint,.
.,spruce,.
.,spry,.
.,spud,.
.,spun,.
.,spunk,.
.,spur,.
.,spurn,.
.,spurt,.
.,spy,.
.,squash,.
.,squawk,.
.,squeak,.
.,squeeze,.
.,squinted,.
.,squirt,.
.,stab,.
.,stack,.
.,stage,.
.,stain,.
.,stair,.
.,stale,.
.,stall,.
.,stamp,.
.,Stan,.
.,stand,.
.,standing,.
.,star,.
.,start,.
.,startle,.
.,state,.
.,states,.
.,stay,.
.,steal,.
.,steam,.
.,steep,.
.,stem,.
.,step,.
.,stern,.
.,Steve,.
.,stick,.
.,sticky,.
.,stiff,.
.,stiffer,.
.,still,.
.,sting,.
.,stink,.
.,stir,.
.,stomach,.
.,stomp,.
.,stone,.
.,stood,.
.,stool,.
.,stop,.
.,stoplight,.
.,store,.
.,stork,.
.,storm,.
.,story,.
.,stove,.
.,strain,.
.,strand,.
.,strange,.
.,strap,.
.,straw,.
.,strawberry,.
.,stray,.
.,stream,.
.,street,.
.,stretch,.
.,strict,.
.,strike,.
.,string,.
.,strip,.
.,stripe,.
.,strong,.
.,struck,.
.,strung,.
.,stub,.
.,stuck,.
.,study,.
.,stuff,.
.,stump,.
.,stun,.
.,stung,.
.,stunt,.
.,sub,.
.,such,.
.,suck,.
.,sudden,.
.,suddenly,.
.,sue,.
.,sugar,.
.,suit,.
.,suitcase,.
.,sulk,.
.,sum,.
.,summer,.
.,sun,.
.,sunblock,.
.,sunburn,.
.,Sunday,.
.,sunfish,.
.,sunflower,.
.,sung,.
.,sunk,.
.,sunlit,.
.,sunny,.
.,sunrise,.
.,sunset,.
.,sunshine,.
.,suntan,.
.,supper,.
.,sure,.
.,surf,.
.,surprise,.
.,swam,.
.,swamp,.
.,swan,.
.,swang,.
.,swap,.
.,swarm,.
.,swat,.
.,swatch,.
.,sway,.
.,sweat,.
.,sweep,.
.,sweet,.
.,swell,.
.,swept,.
.,swerve,.
.,swift,.
.,swig,.
.,swim,.
.,swimmer,.
.,swimming,.
.,swine,.
.,swing,.
.,swirl,.
.,swish,.
.,swishing,.
.,switch,.
.,swoop,.
.,sworn,.
.,swum,.
.,swung,.
.,system,.
.,tab,.
.,table,.
.,tablet,.
.,tack,.
.,Tad,.
.,tadpole,.
.,tag,.
.,tail,.
.,take,.
.,tale,.
.,talented,.
.,talk,.
.,tall,.
.,tam,.
.,tame,.
.,tan,.
.,tank,.
.,tap,.
.,tape,.
.,tapped ,.
.,taps,.
.,tar,.
.,task,.
.,taste,.
.,tattle,.
.,taught,.
.,tax,.
.,tea,.
.,teach,.
.,teacher,.
.,team,.
.,tease,.
.,Ted,.
.,teeth,.
.,telephone,.
.,television,.
.,tell,.
.,ten,.
.,tend,.
.,tennis,.
.,tent,.
.,tenth,.
.,term,.
.,Tess,.
.,test,.
.,Texas,.
.,than,.
.,thank,.
.,thankful,.
.,Thanksgiving,.
.,that,.
.,the,.
.,their,.
.,them,.
.,then,.
.,there,.
.,there's,.
.,these,.
.,they,.
.,they'd,.
.,they'll,.
.,they're,.
.,they've,.
.,thick,.
.,thigh,.
.,thimble,.
.,thin,.
.,thing,.
.,things,.
.,think,.
.,thinner,.
.,thinnest,.
.,third,.
.,thirst,.
.,this,.
.,thorn,.
.,those,.
.,though,.
.,thought,.
.,thread,.
.,threat,.
.,three,.
.,threw,.
.,thrill,.
.,throat,.
.,throne,.
.,through,.
.,throw,.
.,thud,.
.,thumb,.
.,Thursday,.
.,tick,.
.,ticket,.
.,tickle,.
.,tide,.
.,tie,.
.,tiger,.
.,tight,.
.,tile,.
.,till,.
.,tilt,.
.,tilted,.
.,Tim,.
.,time,.
.,tin,.
.,tint,.
.,tiny,.
.,tip,.
.,tiptoe,.
.,tiptop,.
.,tire,.
.,tired,.
.,tissue,.
.,to,.
.,toad,.
.,toast,.
.,tock,.
.,today,.
.,Todd,.
.,toe,.
.,together,.
.,toil,.
.,told,.
.,Tom,.
.,tomato,.
.,tomorrow,.
.,tongue,.
.,tonight,.
.,too,.
.,took,.
.,tool,.
.,tooth,.
.,toothbrush,.
.,toothpaste,.
.,top,.
.,topcoat,.
.,torch,.
.,torn,.
.,toss,.
.,tot,.
.,touch,.
.,tow,.
.,toward,.
.,towel,.
.,town,.
.,toy,.
.,toys,.
.,trace,.
.,track,.
.,trade,.
.,traffic,.
.,trail,.
.,train,.
.,tram,.
.,tramp,.
.,trap,.
.,trash,.
.,travel,.
.,tray,.
.,tread,.
.,tree,.
.,treetop,.
.,trek,.
.,trend,.
.,tribe,.
.,trick,.
.,trim,.
.,trip,.
.,trod,.
.,trot,.
.,trouble,.
.,Troy,.
.,truck,.
.,trumpet,.
.,trunk,.
.,trust,.
.,trusted,.
.,truth,.
.,try,.
.,tub,.
.,tube,.
.,Tuesday,.
.,tug,.
.,tugboat,.
.,tugged,.
.,tulip,.
.,tumble,.
.,tummy,.
.,tune,.
.,turf,.
.,turkey,.
.,turn,.
.,turtle,.
.,tusk,.
.,TV,.
.,twang,.
.,tweed,.
.,tweet,.
.,twelve,.
.,twenty,.
.,twice,.
.,twig,.
.,twin,.
.,twine,.
.,twinkle,.
.,twirl,.
.,twist,.
.,twisted,.
.,twitch,.
.,twitter,.
.,two,.
.,U.S.,.
.,U.S.A.,.
.,ugly,.
.,umbrella,.
.,uncle,.
.,under,.
.,underwear,.
.,unfair,.
.,unhappy,.
.,united,.
.,United States,.
.,until,.
.,unzip,.
.,up,.
.,upon,.
.,upset,.
.,upside down,.
.,upstairs,.
.,urge,.
.,urn,.
.,us,.
.,use,.
.,used,.
.,useful,.
.,uses,.
.,vacation,.
.,value,.
.,van,.
.,vane,.
.,vanish,.
.,vase,.
.,vent,.
.,verb,.
.,verse,.
.,very,.
.,vest,.
.,vet,.
.,vine,.
.,visit,.
.,visitor,.
.,voice,.
.,void,.
.,vote,.
.,vow,.
.,waddle,.
.,wade,.
.,wag,.
.,wage,.
.,wagon,.
.,waist,.
.,wait,.
.,wake,.
.,walk,.
.,walked ,.
.,wall,.
.,want,.
.,wanted,.
.,war,.
.,warm,.
.,was,.
.,wash,.
.,waste,.
.,watch,.
.,water,.
.,wave,.
.,waves,.
.,wax,.
.,way,.
.,we,.
.,wealth,.
.,wear,.
.,weather,.
.,weave,.
.,web,.
.,wed,.
.,Wednesday,.
.,weed,.
.,week,.
.,weekend,.
.,weld,.
.,well,.
.,went,.
.,wept,.
.,were,.
.,we're,.
.,we're,.
.,west,.
.,wet,.
.,wettest,.
.,whack,.
.,whale,.
.,wham,.
.,what,.
.,whatever,.
.,wheat,.
.,wheel,.
.,when,.
.,whenever,.
.,where,.
.,which,.
.,whiff,.
.,while,.
.,whine,.
.,whip,.
.,whiplash,.
.,whir,.
.,whirl,.
.,whisk,.
.,whisper,.
.,whistle,.
.,white,.
.,whiz,.
.,who,.
.,whole,.
.,whose,.
.,why,.
.,wick,.
.,wide,.
.,wife,.
.,wig,.
.,wiggle,.
.,wild,.
.,will,.
.,wilt,.
.,win,.
.,wind,.
.,windmill,.
.,window,.
.,wine,.
.,wing,.
.,wink,.
.,Winkle,.
.,winter,.
.,wipe,.
.,wire,.
.,wise,.
.,wish,.
.,wished ,.
.,with,.
.,without,.
.,woke,.
.,woman,.
.,women,.
.,won,.
.,wonder,.
.,wonderful,.
.,won't,.
.,wood,.
.,woof,.
.,wool,.
.,word,.
.,wore,.
.,work,.
.,worked ,.
.,world,.
.,worm,.
.,worn,.
.,worse,.
.,would,.
.,wove,.
.,wow,.
.,wrap,.
.,wreath,.
.,wreck,.
.,wrench,.
.,wriggle,.
.,wrinkle,.
.,wrist,.
.,wristwatch,.
.,write,.
.,writing,.
.,written,.
.,wrong,.
.,wrote,.
.,yak,.
.,yap,.
.,yard,.
.,yardstick,.
.,yarn,.
.,yawn,.
.,year,.
.,years,.
.,yell,.
.,yellow,.
.,yes,.
.,yesterday,.
.,yet,.
.,yoke,.
.,York,.
.,you,.
.,you'll,.
.,young,.
.,your,.
.,you're,.
.,yum,.
.,Zack,.
.,zap,.
.,zebra,.
.,zen,.
.,zest,.
.,zigzag,.
.,zing,.
.,zip,.
.,zipped ,.
.,zipper,.
.,zone,.
.,zoo,.
.,zoom,.
